﻿symptoms,diagnosis
"dystonia, episodes of hemiplegia, focal epilepsy, possible left mesial temporal sclerosis on MRI,   developmental delay,  motor developmental delay   ",ALTERNATING HEMIPLEGIA OF CHILDHOOD 2; AHC2
"onset of seizures at age 2, drug-resistant epilepsy, intellectual disability, nonverbral/speech delay, exotropia, ataxia",ANGELMAN SYNDROME; AS
"Developmental delay, Intellectual disability, clonic seizures, hypotonia, Autism spectrum disorder, Behavioral concerns (aggression), delayed speech.",BAINBRIDGE-ROPERS SYNDROME; BRPS
"generalized tonic-clonic seizures, developmental delay, cognitive impairment, status epilepticus",BIOTINIDASE DEFICIENCY
"seizures, generalized tonic-clonic seizures, developmental delay, hypotonia, failure to thrive.",CARDIOFACIOCUTANEOUS SYNDROME 1; CFC1
"focal seizure, refractory epilepsy, cavernous malformation on MRI, seizure onset at teenager",CEREBRAL CAVERNOUS MALFORMATIONS; CCM
"focal seizure, refractory epilepsy, cavernous malformation on MRI, seizure onset at teenager, family history of seizure",CEREBRAL CAVERNOUS MALFORMATIONS; CCM
"seizures, intellectual disability, speech delay, obesity, sleep apnea, happy meanor",CHROMOSOME 15q11.2 DELETION SYNDROME
"tonic seizures,  febrile seizures during, abnormal EEG, developmental delays, anxiety,Short statue, dysmorphic face,cleft palate
","CHROMOSOME 22q11.2 DELETION SYNDROME, DISTAL"
"seizure, developmental delay,  speech delay, craniosynostosis, Chiari type 1 malformation,  truncus arteriosus","CHROMOSOME 22q11.2 DELETION SYNDROME, DISTAL"
"seizure, failure to thrive, short statue, widely spaced eyes,hypotonia, neuromuscular scoliosis,multiple joint contractures,developmental delay, intelletural delay",CONGENITAL DISORDER OF GLYCOSYLATION WITH DEFECTIVE FUCOSYLATION 1; CDGF1
"refractory seizure, developmental delays,Spastic quadriplegia, cerebral palsy, agenesis of the corpus callosum, cortical dysgenesis","CORPUS CALLOSUM, PARTIAL AGENESIS OF, X-LINKED"
"refractory epilepsy, intellectual disability, bilateral vision impairment, pachygyria, polymicrogyria,various seizure types, including suspected tonic and atonic seizures, as well as drop attacks, speech delay, walk with assistance","CORTICAL DYSPLASIA, COMPLEX, WITH OTHER BRAIN MALFORMATIONS 14A (BILATERAL FRONTOPARIETAL); CDCBM14A"
"seizure, evelopmental delay, intellectual disability, heterotopia","CORTICAL DYSPLASIA, COMPLEX, WITH OTHER BRAIN MALFORMATIONS 3; CDCBM3"
"intractable seizures,  developmental delay, intellectual delay, dysarthia with G tube, febrile seizure, seizure at infant onset",DEVELOPMENTAL AND EPILEPTIC ENCEPHALOPATHY 101; DEE101
" global developmental delay, intellectual disability, hypotonia, hyperkinetic movements and epilepsy",DEVELOPMENTAL AND EPILEPTIC ENCEPHALOPATHY 101; DEE101
"intractable epilepsy beginning at 14 months of age, generalized seizure, developmental regression following seizure onset, severe intellectual disability,  family history of seizures, epileptic encephalopathy, speech delay",DEVELOPMENTAL AND EPILEPTIC ENCEPHALOPATHY 13; DEE13
"seizure onset since infant, infantile spasms, developmental delay, severe intellectual disability,myoclonus, refractory seizures, sleep disturbances",DEVELOPMENTAL AND EPILEPTIC ENCEPHALOPATHY 2; DEE2
"refracotry seizure, epileptic encephalopathy, nonverbral, developmental delay",DEVELOPMENTAL AND EPILEPTIC ENCEPHALOPATHY 26; DEE26
"seizures, developmental delays,  cerebral palsy, spasticity on exam",DEVELOPMENTAL AND EPILEPTIC ENCEPHALOPATHY 27; DEE27
"seizure, interllectural disablity, nonverbral, spasticity and tremor on exam",DEVELOPMENTAL AND EPILEPTIC ENCEPHALOPATHY 32; DEE32
"Seizures, intellectual disability, ataxia, delayed speech, myoclonus,  absence seizure, delayed milestone",DEVELOPMENTAL AND EPILEPTIC ENCEPHALOPATHY 32; DEE32
"prolonged febrile seizures,seizure onset in infancy, epileptic encephalopathy, nonverbral/delayed speech, developmental regression, generalized tonic-clonic seizures, tonic seizure, myoclonic seizure",DEVELOPMENTAL AND EPILEPTIC ENCEPHALOPATHY 33; DEE33
"Epileptic encephalopathy, various seizures include tonic seizure, generalized tonic clonic seizure, dystonia, developmental delays,  non-verbal at baseline, G tube feeding, hypotnoia, spastic quadriplegic cerebral palsy",DEVELOPMENTAL AND EPILEPTIC ENCEPHALOPATHY 7; DEE7
"seizure, developmental delay, autism, generalized tonic-clonic seizures, aggressive behaviors,  mood instability.",DEVELOPMENTAL AND EPILEPTIC ENCEPHALOPATHY 94; DEE94
"seizure, epileptic encephlopathy, myoclonus, developmental delay, neurodegenertive decline, status epilepticus. ",ENCEPHALOPATHY DUE TO DEFECTIVE MITOCHONDRIAL AND PEROXISOMAL FISSION 1; EMPF1
"nocturnal seizures,focal seizure, normal MRI,Abnormal EEG ","EPILEPSY, FAMILIAL FOCAL, WITH VARIABLE FOCI 1; FFEVF1"
"right temporal lobe epilepsy, abnormal EEG with right temopral shaprs, developmental delays, autism","EPILEPSY, FAMILIAL FOCAL, WITH VARIABLE FOCI 1; FFEVF1"
"focal seizure, focal cortical dysplasia type 2b, Sjogren's disease","EPILEPSY, FAMILIAL FOCAL, WITH VARIABLE FOCI 1; FFEVF1"
"temporal lobe seizure with automatism and aura of deja wu, sometimes with secondary generalization","EPILEPSY, FAMILIAL FOCAL, WITH VARIABLE FOCI 1; FFEVF1"
"frontal lobe epilepsy, nocturnal seizures, intellectual disability, developmental delay, abnormal EEG","EPILEPSY, FAMILIAL FOCAL, WITH VARIABLE FOCI 1; FFEVF1"
"Temporal lobe epilepsy, complex partial seizure, generalized tonic clonic seizure","EPILEPSY, FAMILIAL TEMPORAL LOBE, 1; ETL1
"
"Temporal lobe epilepsy, complex partial seizure, generalized tonic clonic seizure, family history of seizure","EPILEPSY, FAMILIAL TEMPORAL LOBE, 1; ETL1
"
"Temporal lobe epilepsy, complex partial seizure, generalized tonic clonic seizure, family history of seizure","EPILEPSY, FAMILIAL TEMPORAL LOBE, 1; ETL1
"
"focal seizures with aura of ear-ringing, generalized tonic-clonic seizures, family history of seizure","EPILEPSY, FAMILIAL TEMPORAL LOBE, 1; ETL1
"
"focal seizure with aura of visual change, generalized tonic-clonic seizures, age of onset at 10 years, family history of seizures","EPILEPSY, FAMILIAL TEMPORAL LOBE, 1; ETL1
"
"focal seizures, significant speech and language delay,  cognitive delay, Landau-Kleffner syndrome, continuous spike-waves during sleep/ESES","EPILEPSY, FOCAL, WITH SPEECH DISORDER AND WITH OR WITHOUT IMPAIRED INTELLECTUAL DEVELOPMENT; FESD"
"focal seizures, speech delay, developmental delay, Electrical Status Epilepticus during Slow-wave Sleep, ADHD","EPILEPSY, FOCAL, WITH SPEECH DISORDER AND WITH OR WITHOUT IMPAIRED INTELLECTUAL DEVELOPMENT; FESD"
"frontal lobe seizure, nocturnal seizure","EPILEPSY, NOCTURNAL FRONTAL LOBE, 1; ENFL1"
"focal seizure, refractory epilepsy, Intellectual disability, nonverbral, hypermotor seizure, nocturnal frontal lobe seizure","EPILEPSY, NOCTURNAL FRONTAL LOBE, 5; ENFL5"
"intellectual disability, learning disability,  Generalized Tonic Clonic seizure, atypical Absence seizure, 
tonic seizure ","FEBRILE SEIZURES, FAMILIAL, 4; FEB4"
"seizure, global developmental delay, macrocephaly, hypotonia, speech delay, cerebral palsy, hydrocephalus",GAND SYNDROME; GAND
"seizures, Moya Moya disease, beta thalassemia,liver fibrosis,",IMMUNODEFICIENCY 47; IMD47
"developmental delay, intellectual disability, seizures, and hypotonia, delayed speech",INTELLECTUAL DEVELOPMENTAL DISORDER WITH BEHAVIORAL ABNORMALITIES AND CRANIOFACIAL DYSMORPHISM WITH OR WITHOUT SEIZURES; IDDBCS
"developmental delay, epileptic encephalopathy, hypotonia, motor development seince birth, speech delay","INTELLECTUAL DEVELOPMENTAL DISORDER, AUTOSOMAL DOMINANT 1; MRD1"
"generalized seizures, developmental delay, intellectual disability, language delay","INTELLECTUAL DEVELOPMENTAL DISORDER, AUTOSOMAL DOMINANT 1; MRD1"
"generalized tonic-clonic seizures, photosensitivity,  autism, minimal speech, learning difficulties","INTELLECTUAL DEVELOPMENTAL DISORDER, AUTOSOMAL DOMINANT 45; MRD45"
"focal seizure, global developmental delay, autism,impaired intellectual development, non-verbal/speech delay, motor delay, abnormal EEG findings with focal frontocentral spikes,","INTELLECTUAL DEVELOPMENTAL DISORDER, AUTOSOMAL DOMINANT 62; MRD62"
"seizure, intellectual disability, developmental delay, microcephaly","INTELLECTUAL DEVELOPMENTAL DISORDER, X-LINKED 1; XLID1"
" severe intellectual disability, seizure, minimal speech,  refraocty epilepsy, ataxia,  Lennox-Gastaut syndrome, no appropriate interaction with examiner on exam, gastroesophageal reflux,","INTELLECTUAL DEVELOPMENTAL DISORDER, X-LINKED, SYNDROMIC, LUBS TYPE; MRXSL"
"refracoty seizures, severe intellectual disability , minimal speech, developmental regression, dysphagia, gastrostomy tube feedings","INTELLECTUAL DEVELOPMENTAL DISORDER, X-LINKED, SYNDROMIC, LUBS TYPE; MRXSL"
"global developmental delay, seizures, intellectual disability, migraines",KBG SYNDROME; KBGS
"seizure, developmental delays, learning disabilities, and autism, subcortical leukoencephalopathy  on MRI, Increased level of serum L-2-hydroxyglutaric acid ",L-2-HYDROXYGLUTARIC ACIDURIA; L2HGA
"developmental delay, subcortical band heterotopia, generalized seizure","LISSENCEPHALY, X-LINKED, 1; LISX1"
"onset of seizures at infant,  infantile spasms, generalized tonic-clonic seizures, speech delay/nonverbral, developmental delay, cerebral palsy, agyria/lissencephaly",MILLER-DIEKER LISSENCEPHALY SYNDROME; MDLS
"sizure onset since infant, febrile seizure, intellectual disability, cerebral palsy, developmental delay, autism spectrum disorder, delayed motor development, speech delay, failure to thrive","NEURODEVELOPMENTAL DISORDER WITH HYPOTONIA, STEREOTYPIC HAND MOVEMENTS, AND IMPAIRED LANGUAGE; NEDHSIL"
"seizure, communicating hydrocephalus, intellectual disability, spasticity, subcortical white matter of both cerebral hemispheres with predominant frontal lobe involvement on MRI",NEURODEVELOPMENTAL DISORDER WITH LANGUAGE IMPAIRMENT AND BEHAVIORAL ABNORMALITIES; NEDLIB
"seizure, developmental delay, impaired intellectual development, poor speech, delayed walking, gait abnormalities, dystonia, autism spectrum disorder and stereotypical clapping/stimming behaviors",NEURODEVELOPMENTAL DISORDER WITH LANGUAGE IMPAIRMENT AND BEHAVIORAL ABNORMALITIES; NEDLIB
"severe intellectual disability, refractory seizures, language and motor skill regression, lack of speech,ataxia, EEG showed diffuse slowing and focal epileptiform discharges",RETT SYNDROME; RTT
"seizure, ataxia,cerebellar atrophy",SPINOCEREBELLAR ATAXIA 10; SCA10
"epilepsy, progressive ataxia, post-ictal psychosis, depression, dysarthria, dysphagia, mood disturbances,  dysmetria",SPINOCEREBELLAR ATAXIA 10; SCA10
"generalized tonic-clonic seizures, ataxia,  truncal ataxia, gait ataxia, impaired speech",SPINOCEREBELLAR ATAXIA 10; SCA10
"seizure, Developmental Delay, hypotonia, delayed speech, behavioral issues",XIA-GIBBS SYNDROME; XIGIS
"seizure, developmental delays, intellectual disability,  dysmorphic facial features, hypotonia, gastrointestinal/swallowing difficulties and short stature",OKUR-CHUNG NEURODEVELOPMENTAL SYNDROME; OCNDS
"developmental delay, subcortical band heterotopia, generalized seizure","LISSENCEPHALY, X-LINKED, 1; LISX1"