pmid,symptoms,diagnosis
37965175,muscle stiffness; cramps; muscle weakness; easy fatigability; muscle hypertrophy; twitching predominantly in ocular muscles; palpebral and hand muscle myokymia; frequent falls due to sudden muscular failure; mild difficulties in standing up from a squatting position; daily episodes of inconsolable crying due to legs cramps; sporadic falls,Episodic ataxia type 8 (EA8) with a myopathic phenotype.
37122292,speech and language delay; challenging behaviors; aggressiveness; self-injurious behaviors; stereotyped and repetitive motor mannerisms; hand flapping; body rocking; lack of sleep; attention-deficit hyperactivity-like disorders; delayed fine motor skills; significant stereotypic movement of hands; cognitive and language skills delay; deficits in social–emotional reciprocity; deficits in nonverbal communicative behaviors; deficits in developing and maintaining relationships; repetitive speech; repetitive motor movements; agitation; hyperactivity; no eye contact; aggressive impulsive behaviors; impaired executive functions; mood disturbances; isolation; loss of appetite; suicidal ideation; visual and auditory hallucinations,"Autosomal dominant primary aldosteronism, seizures, and neurological abnormalities."
29916049,cerebellar ataxia; parkinsonism; progressive supranuclear palsy,Progressive supranuclear palsy (PSP) phenotype in spinocerebellar ataxia type 8 (SCA8).
35716448,epilepsy,NRROS-related microgliopathy.
37868916,neonatal hypotonia; neurodevelopmental delay; facial dysmorphism; epileptic seizures; complex movement disorders; chorea; dystonic movements; uncoordinated movements; hypotonia; nystagmus; feeding difficulties; craniofacial dysmorphisms; hypersomnolence; breathing problems; seizures,PURA syndrome
37356182,developmental delay; seizures; movement abnormalities,Epilepsy caused by DHDDS gene mutation.
15390132,chorea; dystonia; akinetic-rigid syndrome,Neuroferritinopathy
37923938,facial dysmorphism; developmental delay; cardiac defects; skeletal deformities; motor impairment; decreased muscle strength; exercise-induced fatigability; muscle weakness; muscle fatigue; intellectual disability,Noonan syndrome (NS)
38989370,seizures; gait imbalance; upper limb tremors; focal seizures with impaired awareness; memory disturbances; imbalance while walking; tremulousness of bilateral upper limbs; mild to moderate cognitive deficits; bilateral cerebellar signs; incoordination; finger-nose ataxia; dysdiadochokinesia; mild left-sided dysmetria; gait ataxia,Labrune syndrome
12764051,cervical dystonia; autonomic dysfunction; peripheral neuropathy; pure exercise-induced dystonia; focal dystonia; early instability; freezing; festination; retropulsion; concurrent autonomic failure; early or atypical L-dopa-induced dyskinesias; exquisite sensitivity to small doses of L-dopa; recurrent psychosis; behavioural disorder prior to the onset of parkinsonism,Parkin disease
37470033,proximal weakness; distal weakness; scapuloperoneal phenotype; loss of ambulation; neurogenic motor unit potentials; reduction of CMAP amplitude; minimal reduction of SNAPs; arthrogryposis; learning difficulties; respiratory insufficiency; vocal cord paralysis; hypophonia; scoliosis; pes cavus; gynecomastia; contractures; club feet; upper limb tremor; scapula alata; axial weakness; spasticity; brisk deep tendon reflexes; abolished deep tendon reflexes,"Non-5q spinal muscular atrophy (SMA) with a genetic diagnosis most commonly involving BICD2, DYNC1H1, or TRPV4 genes."
37442734,neonatal onset epileptic encephalopathy; arthrogryposis multiplex congenita; thoracic hypoplasia; thoracic scoliosis; hyperekplexia,Neonatal developmental and epileptic encephalopathy with movement disorders and arthrogryposis.
31319236,herpes of the extremities; herpes of the oral cavity; febrile seizures; persistent elevated levels of serum creatine phosphokinase; abnormal liver function; sinus tachycardia; enlarged bilateral ventricles; enlarged third ventricle,McLeod syndrome (MLS)
36582000,"severe hypotonia; feeding difficulties in early infancy; excessive eating; morbid obesity; delayed motor milestones; delayed language development; intellectual disability; global developmental delay; specific facial features; cannot roll over or sit alone; deciduous teeth not yet erupted; unconscious monosyllabic sounds; almond eyes; short jaw; thin upper lip; turned down corners of the mouth; prominent forehead; muscular hypotonia in the extremities; simian crease; weak cry; poor spirit; neonatal jaundice; blood in stool; no weight gain; could not raise head in prone position; could not sit, roll over or grab objects; could only babble and pronounce lip sound",Prader-Willi syndrome (PWS) due to a mosaic deletion in the 15q11.2-q13 region of paternal origin.
40048818,developmental delay; intellectual disability; epilepsy,O'Donnell-Luria-Rodan (ODLURO) syndrome
40183420,,Parkinson disease (PD) associated with progranulin (GRN) mutation.
39854091,neurodevelopmental disability; progressive movement disorder,Disco-Interacting Protein 2 Homolog B CGG Repeat Expansion.
39590923,peripheral neuropathy; myopathy; hoarseness; hearing loss,MYH14-associated neuromuscular disorder.
39928007,bradykinesia; tremors; dystonia; cognitive regression; gait instability,PLA2G6-related dystonia-parkinsonism complex (PLAN-DPC).
37521304,intellectual disability; epilepsy; autism spectrum disorder; behavioral problems; facial dysmorphisms; hyperkinetic movement disorder; flat angiomas; asymmetric face; choanal atresia; psychomotor delay; speech delay; echolalia; dysmorphisms; hyperopia; astigmatism; motor impairment; difficulty in independent ambulation; motor stereotypies; recurrent stereotyped hyperkinetic movements; paroxysmal dystonia; disinhibited conduct of self-stimulation; autoeroticism; hetero-aggressivity; hand stereotypies; sensory-seeking behavior; elongated face; pronounced nasal bridge; hypomimic face; flat occiput; hypertelorism; periorbital fullness; bilateral ptosis; epicanthus; exotropia; thick alae nasi; microretrognathia; thin upper lip; high-arched palate; small and spaced teeth; poor representation of muscle mass; pectus excavatum; scoliosis; widening of the proximal interphalangeal joints of the hands; flat feet with sandal gap; II-III toe partial cutaneous syndactyly; visible vessels on the lower eyelids; congenital vascular anomalies; small aneurysm at the level of the interatrial septum; cysts of the septum pellucidum; cysts of the cavum vergae,FOXP1-related intellectual disability (ID) syndrome.
38749256,,PRRT2-related epilepsy
37181555,"infantile spasms; drug-resistant epilepsy; pachygyria; severe developmental delay; mental retardation; absence seizures; hypsarrhythmia; severe intellectual disabilities; poor language skills; small, broad, and flat gyri",Posterior predominant pachygyria due to a DYNC1H1 mutation.
34311727,progressive weakness of a single upper limb; isolated paresthesias; weakness and cramps of the right upper limb; generalized hyporeflexia; pes cavus bilaterally; reduced vibration sense in the lower limbs; slightly reduced pin prick and thermic sensation; mild ataxia when standing with eyes closed (positive Romberg sign); chronic progression of muscle weakness; difficulties with fine motor tasks; muscle wasting; minimal weakness progression in the distal muscles of both lower limbs; bilateral pes cavus; generalized areflexia; decreased vibratory sense in the lower limbs,Charcot-Marie-Tooth 1C (CMT1C) neuropathy.
35337379,bilateral ptosis; drooping of the eyelids; double vision in the upwards gaze; episodes of respiratory distress; deficit in the orbicularis of the eyelids; limited upward eye movements,Congenital myasthenic syndrome with a new mutation in the COL13A1 gene (CMS type 19).
12784278,late presentation; peripheral injury; late progression of symptoms; onset after exposure to haloperidol; severe bulbar involvement,DYT1 dystonia
34215294,hypotonia; motor delay; speech delay; distinctive facial features; paroxysmal not-epileptic events; EEG abnormalities without clinical seizures; moderate intellectual and communication deficit; mild autism spectrum; visual-motor integration deficit; stereotypic hand movements; poorly modulated eye contact; repetitive behavior; restricted social interaction; clumsy gait; echolalia; fine motor skill deficit; esotropia; dorsal hyperkyphosis,White-Sutton syndrome (WHSUS) due to a novel heterozygous POGZ mutation.
22889412,progressive ataxia; peripheral neuropathy; macular degeneration; cognitive impairment; rapidly progressing cognitive decline; subtle cerebellar symptoms; mild ataxia; dysarthria; personality changes; depression; basal ganglia dysfunction; disorientation in time and place; easily distractible; head turning sign; severe word finding difficulties; horizontal nystagmus; slightly interrupted saccades; impaired smooth pursuit of eye movements; fine postural tremor of hands; reduced speed in finger tapping test; hand dysdiadokokinesia; discrete lower limb ataxia; mildly broad based gait; slightly increased tone in right leg; brisk tendon reflexes in lower extremities; absent ankle reflexes; flexor plantar reflexes; moderate to severe impairment of all cognitive domains; drifting attention; problems understanding questions and instructions; smiling almost constantly; severely impaired executive functions; affected episodic memory; anomia; alexia; agraphia; acalculia; apraxia; visuospatial impairment; bilateral cortical involvement; atrophy of cerebellar hemispheres and vermis; reduced metabolism in cerebellum; slightly decreased metabolism in left caudate nucleus,SCA17 (Spinocerebellar Ataxia Type 17)
39334473,microcephaly; neonatal hypotonia; seizures; profound developmental delay; face and limb edema; dysmorphic features; severe epilepsy; brain malformations; subcortical band heterotopia; ventriculomegaly; hypertelorism; wide nasal root; micro retrognathia; short neck; micro-pupils; bilateral hypertonia; skin hyperemia; disorganized eye movements; masticatory automatisms; right-sided clonic facial movements; growth delay; no eye fixation; severe generalized hypotonia; recurrent respiratory infections; feeding difficulties; failure to thrive; central hypotonia; superior frontoparietal lissencephaly; partial agenesis of the corpus callosum; bilateral enlargement of the occipitotemporal lateral ventricles; hypsarrhythmia,Epileptic encephalopathy with compound heterozygous pathogenic variants in the CCDC88A gene.
31931739,progressive motor regression; cognitive regression; behavioural regression; regression; episodes of subacute deterioration during febrile illnesses; speech and expressive language difficulties; frequent falls; slowing of developmental progress; mild hypotonia; ataxia of limbs and gait; developmental delay; alternating periods of agitation and apathy; loss of sphincter control; expressive and receptive language regression; worsening of the cerebellar syndrome; brief epileptic behaviour arrests; severe intellectual disability; nonverbal; unable to walk unassisted; swallowing difficulties; cerebellar syndrome; mild limb dystonia; choreic movements; brisk deep tendon reflexes; normal or close to normal early developmental milestones; gait ataxia; speech and language difficulties; behavioural and cognitive disorders; extrapyramidal signs; pyramidal signs; loss of ambulation; autistic traits; aggressiveness; microcephaly; cortico-subcortical atrophy; T2 hypersignal involving white matter; fever- or infection-triggered episodes of regression,Childhood neurodegeneration associated with monoallelic de novo UBTF c.628G>A (p.Glu210Lys) variant.
37902097,"unprovoked seizures; tonic seizures; epileptic spasms; focal seizures; seizures during wakefulness and starvation; developmental delay; difficulties tracking moving objects; difficulties responding to sounds; abnormal signals around the posterior horn of the left lateral ventricle; widened left frontotemporal sulcus; widened bilateral frontotemporal extracerebral space; diffuse slow wave activity; slow physiological waves in the left frontal, central, parietal, and meso-posterior temporal regions; spike-waves in the left central and parietal regions during sleep; cerebral palsy manifested on the right side; repeated seizures; bilateral gaze; teeth biting; right limb convulsions; head nodding with flexion of upper limbs; generalized slow and fast wave activities; frequent either single or serial spasms during sleep; secondarily generalized seizure; severe developmental delay; focal to bilateral tonic–clonic seizures; multifocal and generalized spike, polyspike, spike slow and slow-wave discharges; limb tremors",Familial focal epilepsy with variable foci (FFEVF).